{"EXCHANGE_RATE":{"BTC/KRW":11786894.473568074,"USD/KRW":1215.18,"BTC/USD":9699.71072069,"LTC/USD":66.5136850033,"ETH/USD":171.444766037,"ALT/USD":0,"ALT/KRW":0,"BTC/DAY_BEFORE":"-4.31","ETH/DAY_BEFORE":"-7.97","LTC/DAY_BEFORE":"-8.31"}}